2.378254,8.614043,7.065662,4.413689,1.139795,0.932758,3.603566,7.383154,0.756038,3.017094,0.805807,7.091829,0.887910,7.437530,3.926233,5.544251,8.069620,8.453450,3.186144,0.742838,7.205232,5.344279,6.543316,8.736490,2.592024,3.143384,0.681289,4.939577,2.072702,2.543780,8.705618,1.576909,7.598502,8.633779,7.104077,6.336547,4.862370,2.164264,2.095665,7.201878,7.156201,6.615656,3.128773,6.686326,1.141064,7.860909,6.873915,6.271212,2.148567,3.917795,8.016228,3.643140,8.802671,4.994520,7.848532,0.406283,5.030505,6.586796,6.286743,7.989611,8.796526,1.205666,8.358443,1.518929
2.474619,0.651241,0.606920,8.271954,4.510278,7.686869,2.233939,7.507427,2.021918,5.374667,0.671100,4.128949,3.392153,8.795072,5.287025,0.460597,5.660321,3.703850,0.956503,2.961025,8.356502,6.247159,1.312263,3.315628,8.354897,4.445803,1.054999,4.188890,2.590896,7.865630,7.528719,0.131652,1.491999,4.204896,5.261819,4.987972,6.292490,7.569066,3.131204,0.176315,3.494313,0.662192,4.919737,1.201653,6.116383,5.031513,8.503394,3.991654,3.026452,4.982852,1.604691,8.145059,2.426469,4.413938,5.082648,4.501358,4.398344,2.930622,5.406944,7.540427,4.093591,7.251976,0.432441,8.639620
4.229890,1.448767,5.484028,2.159804,6.392394,7.166756,2.922235,8.950846,8.152969,7.784502,7.824530,8.532700,4.762243,3.270813,3.031234,8.687493,4.639747,5.442404,5.739989,8.861430,0.052342,3.082360,1.397307,3.056461,2.750022,2.599361,7.922379,2.566400,3.077359,5.817145,3.004655,5.504474,4.938780,4.829037,2.602820,6.836099,7.921010,2.825911,5.046117,4.383302,4.854954,7.311266,4.426797,7.351307,3.635688,6.817807,3.435938,1.730198,2.825887,4.372261,0.412620,6.307614,6.474668,3.016507,0.868674,4.222383,1.711490,3.951628,2.491002,3.364951,8.227367,5.688719,8.036693,7.147355
3.356412,1.642537,3.084522,6.447807,8.194773,7.773953,7.652248,2.642930,4.838987,0.337390,5.868271,1.439059,1.467975,1.836311,0.516081,8.606093,7.656206,0.514000,5.200665,1.041800,5.898583,0.390004,5.381992,8.606477,1.172004,7.114833,3.358490,0.575561,7.875309,7.721307,6.301236,5.620418,7.033737,2.140312,8.666844,7.837048,5.825367,8.377105,8.077687,6.638971,1.476066,1.300821,0.811460,0.943560,8.464682,3.468361,5.648797,8.775798,1.452464,7.401390,5.770702,8.299685,5.925413,8.691455,5.994635,7.719600,5.419615,4.427983,0.063527,2.587994,6.875076,3.979761,6.770837,1.090052
0.584659,7.473743,5.976074,5.350761,6.467809,3.237591,8.694471,4.081564,8.200539,7.647134,7.703695,2.224831,6.859820,1.283677,6.249967,8.885675,3.324656,3.618509,4.246777,6.235236,8.193070,5.731895,5.072426,7.583641,3.952078,1.254102,2.266166,5.195676,2.663577,7.759554,3.132625,2.988644,8.129700,1.101400,7.448399,0.713349,4.648198,1.934140,2.513730,0.777875,4.274076,1.031061,4.622625,2.914690,3.357628,5.328860,0.116225,1.509918,3.801630,2.968398,3.246882,0.411385,5.581169,5.051818,8.254557,2.750639,5.954404,7.187530,1.206757,6.209459,0.282354,5.298476,0.700402,5.788677
0.946153,4.380860,7.176328,5.819801,6.351988,1.692161,8.686749,5.258762,5.557218,0.162906,6.295102,5.631922,6.007964,5.226191,0.680696,4.801564,4.626914,4.735383,8.997116,3.413397,3.690758,5.481250,3.192946,1.601809,2.846104,2.981137,1.426224,7.146064,0.563232,2.980243,2.477460,6.343086,6.704254,3.429680,5.756248,0.720391,8.620832,8.799981,5.839325,3.345798,0.468808,6.594418,6.619067,8.084255,8.940771,6.134789,0.162362,2.754346,8.925135,0.733985,2.066384,6.170503,2.194826,7.628303,6.721728,1.668798,4.731725,7.083563,4.200474,4.646937,6.935195,2.919229,0.257787,2.695327
4.356524,5.298357,2.598679,0.661708,1.346323,2.303724,0.308285,1.698603,4.920200,4.056981,2.140889,4.224918,2.822175,8.770550,6.842726,8.399115,2.916947,7.594085,2.472663,4.264358,0.798420,8.056174,2.542914,1.265446,0.769065,8.647663,0.183964,4.373196,4.260495,0.462634,7.603905,2.903482,0.091008,1.421678,3.947887,2.493738,3.983694,3.702415,6.048342,3.185097,2.948193,6.166300,3.443835,0.860258,1.934016,6.632659,4.490665,6.025345,4.794873,8.072205,0.880085,0.871649,4.901633,7.180847,7.540142,5.249936,1.079698,6.424066,0.599842,8.506038,6.397194,2.228282,2.633060,1.079730
1.813943,8.892129,8.542835,1.312406,1.745899,4.927934,0.964209,4.184431,7.065321,0.354733,3.905752,7.888437,4.025444,4.933152,0.716602,3.971736,8.946920,8.101625,4.470163,6.887029,3.783978,7.395270,6.689233,4.497835,6.489384,3.847089,5.333915,3.624566,4.382832,0.488819,1.701370,3.439823,2.270280,0.431528,7.104635,1.205510,0.554302,6.577745,8.918660,0.829275,7.525148,6.487169,2.399494,0.334508,5.343705,1.640668,8.189975,3.946725,8.492342,2.231784,7.720145,8.480785,6.995792,7.700626,5.529645,7.405456,7.088330,6.776431,4.160857,3.801318,8.201533,2.959839,5.881067,5.341151
7.061907,7.364251,7.424680,7.551257,5.574558,8.227937,1.786624,1.696990,2.119602,3.795380,7.111168,1.018456,4.580430,3.167800,7.555996,7.166318,5.083019,6.939457,1.515285,4.248190,7.488933,4.610956,2.660391,8.886222,1.625015,7.475134,7.717192,8.964087,3.094584,3.986538,1.614784,1.199579,6.648376,8.780178,0.046842,7.906618,3.789617,7.114867,8.768559,2.105811,2.996888,6.524535,3.872856,3.815906,3.916060,8.477618,8.596352,6.771440,7.953116,6.688705,5.345781,4.821549,2.796124,1.592706,4.018869,6.870355,6.727383,2.362570,2.919276,6.988989,0.187697,6.830773,0.875443,3.611925
7.844143,7.905225,2.041650,1.122923,7.667481,7.505516,8.450163,7.280497,5.715516,6.425074,4.171077,4.061462,3.882205,4.428679,2.904171,0.825897,6.302597,7.728338,1.891768,8.845273,7.985258,5.358631,3.478321,4.875881,0.330745,5.988370,8.892215,7.217949,0.049121,8.266906,7.549539,8.632982,0.197774,5.699315,2.512142,7.968642,0.392010,6.841709,8.452029,4.230778,2.008880,6.195982,8.610146,8.146332,5.904180,7.925712,2.393372,1.105646,2.924922,5.549061,5.048432,7.596440,3.544500,1.457152,2.553754,7.054425,2.840452,6.749238,5.459942,1.647778,4.860491,2.661596,0.505632,8.702380
3.910933,7.251470,3.789943,7.565419,8.181808,0.379855,4.169424,6.441540,2.905915,0.431025,0.424903,6.692601,1.451346,3.139994,0.848385,8.158767,3.011064,3.716238,0.181218,6.924486,5.130201,8.163992,6.649182,8.719286,6.547156,6.653653,0.822080,5.816548,2.168138,6.459969,3.407583,0.925297,0.860775,7.358471,6.928565,3.621946,5.543490,6.051628,8.598086,1.633528,8.597617,8.291647,2.689888,2.228809,7.953993,6.391982,7.607665,8.061690,2.547760,0.590789,5.927516,7.901996,7.337493,6.910131,5.630367,3.295153,5.524530,5.865289,2.685189,1.474114,6.214756,4.134104,3.340617,2.573826
4.410575,2.817168,6.684570,0.451387,6.578399,5.473030,0.067895,5.288137,2.525222,6.611490,7.388350,8.714553,3.697286,5.365337,0.405154,6.701439,2.470889,1.402905,4.570317,8.476488,2.688229,2.195400,4.112239,2.839496,3.355114,2.554391,4.818493,2.730117,0.189308,7.729083,5.962106,2.974123,5.925248,2.018207,6.113636,4.126958,6.075657,6.730081,5.940883,6.667261,6.854307,0.632417,2.347421,2.356096,6.820895,5.990310,4.919087,3.008682,1.464924,0.032476,4.255645,8.949673,0.375773,8.086974,6.746510,2.384632,5.146018,3.156939,5.514816,8.270327,3.686593,4.121060,1.569584,1.190328
6.253793,2.210373,6.918756,5.657328,3.781787,3.879675,8.688247,3.341899,8.555569,4.671520,0.749399,3.714214,1.553092,0.474960,3.884939,4.082346,4.252596,3.188991,3.930843,4.942587,0.584299,2.197317,2.518523,7.608938,5.450496,8.870786,3.001834,3.732806,0.399972,6.171381,6.260411,8.054236,3.998358,6.195583,8.968261,4.085152,5.667761,3.818479,2.664395,3.099539,8.318777,1.289959,4.398752,2.587696,3.713994,3.589923,3.817803,3.558880,7.948572,8.720274,2.909795,6.287845,0.224281,3.294359,2.535054,0.561850,2.830012,0.151042,5.572401,1.226714,7.607690,1.777686,2.948822,6.713800
5.786284,4.564651,6.042404,0.374520,4.723035,2.757025,5.020088,7.086896,2.722318,3.708927,5.614861,4.693376,6.331101,6.153644,3.328759,5.821059,2.772295,4.340298,8.213045,6.142264,4.250568,8.559277,8.943919,0.367676,0.737646,3.567462,6.247882,1.008054,3.772489,4.934753,0.454770,5.553513,7.802667,1.854910,0.352373,8.664996,2.587792,1.210306,2.212615,3.840498,5.182917,3.401079,2.237842,8.994570,7.497749,6.556484,7.529981,4.002646,7.241129,1.488248,1.226126,0.321213,2.985033,0.810911,8.290390,8.061838,0.548475,1.425320,5.881340,5.872687,7.424203,7.665879,3.805155,6.902987
0.711535,2.310853,3.404409,6.069269,1.604804,5.698134,4.300966,3.484972,4.535335,8.978432,3.783219,6.921949,7.861698,0.968329,0.545309,6.475838,7.037006,0.579716,0.297052,1.518547,8.036073,4.101527,0.327665,3.166634,0.962345,4.999150,2.364883,8.660707,8.157593,6.676289,0.185580,0.959271,5.886966,8.696679,7.327347,4.296920,7.375912,6.910393,5.793907,4.064653,8.541674,7.439237,2.816320,1.543523,6.065917,5.983412,8.839198,6.082032,1.220007,4.723347,7.128230,5.987062,1.933115,4.002781,6.840798,4.589282,4.092679,3.028624,6.765852,1.475505,7.823793,7.749598,3.645770,0.421361
7.968176,2.894167,7.636963,1.964962,5.078479,5.180148,0.520412,8.273210,3.801539,3.952929,4.848548,2.111018,2.105598,3.704473,8.040758,1.330359,4.815039,5.217446,6.561964,5.647813,5.895491,8.435641,5.064154,1.899635,0.064327,3.193493,8.034449,1.579518,7.973237,3.389871,7.703171,2.014106,0.949544,6.940758,0.597988,7.160092,7.507021,3.467077,0.485408,4.985852,4.629601,1.995352,1.404378,1.712774,3.577987,6.871718,0.666960,3.981800,2.246472,7.818785,3.890792,7.448170,3.676136,0.650147,4.591014,5.901612,5.331247,7.844740,5.005096,3.758690,0.200693,1.696797,4.424707,8.690570
6.226712,7.442343,7.149141,3.526794,7.663767,6.735416,0.598490,4.311486,5.986469,4.901350,5.987922,0.549419,2.136645,6.272402,3.064106,8.389184,2.618284,1.016999,7.735323,2.935898,3.595825,0.848665,1.073101,3.904814,1.644479,1.543850,7.077519,6.528986,3.920218,8.962904,8.518904,6.380486,2.497454,5.456828,8.902483,4.294958,6.985155,4.236255,4.600761,4.864888,7.874802,7.664352,3.665845,3.352200,8.767203,8.198580,1.445304,2.156644,2.639998,8.144851,0.929849,8.402929,0.948746,3.343719,4.124711,1.450704,8.014251,3.840701,3.770948,6.167844,5.664389,1.132807,5.318963,1.785752
7.063021,8.030022,7.191824,5.994320,8.508617,7.232835,0.881849,6.096501,5.985788,2.799366,3.337599,2.123180,8.681515,6.683417,1.973421,1.235890,7.767859,8.211890,7.990290,6.193347,5.658132,6.066154,4.356700,3.839382,7.701852,5.684173,0.654626,0.146818,0.529670,5.916190,8.890247,8.798975,4.641787,8.703119,0.677261,4.187177,7.106904,8.577422,2.898750,1.168592,1.046686,8.727889,1.177228,7.274115,8.439709,1.452137,1.842667,4.283709,1.832327,8.420591,4.136837,0.152777,5.748136,4.077184,8.843419,1.727052,2.053340,5.310127,4.530871,8.460140,0.827081,0.412440,2.925675,2.546589
4.007504,4.465384,5.614948,1.951077,5.220078,2.728686,7.638463,6.681603,7.693438,8.274776,0.839654,4.860914,1.258309,5.262130,0.194781,5.801244,0.162287,8.044676,6.739366,1.275309,2.825034,8.261315,8.813463,0.479104,7.990654,4.797861,0.715071,7.983761,7.058193,2.453138,7.524760,5.292112,1.860851,7.562223,7.778063,3.347013,1.598390,1.277536,2.552222,5.003871,5.406421,2.978961,7.671910,3.244313,4.503293,5.396784,4.743666,3.801596,8.908486,3.050533,3.518389,3.006621,5.853577,7.934166,3.153459,1.480308,4.320407,3.845286,7.731042,6.219169,5.693709,0.547955,7.386340,3.975802
2.570706,2.224455,5.962885,3.681446,1.998259,2.760340,6.710982,0.686078,3.565767,0.495640,0.965995,4.742189,4.087677,0.299496,7.626727,4.060651,2.029028,0.968618,4.822211,4.308830,8.258573,4.153499,5.146115,5.272399,3.866230,0.755899,8.575005,2.593589,2.971425,1.214234,3.737200,1.691488,8.499995,0.481449,7.341323,0.355502,3.865087,4.235118,6.469443,7.401619,5.787534,7.946235,4.546048,4.117074,1.212092,3.512900,2.582112,6.844246,7.825151,2.455735,1.185926,1.433183,1.760850,2.452925,3.735648,2.759456,3.070293,0.308444,7.637944,2.157508,7.376890,2.736068,6.601405,4.570021
1.817638,0.414185,5.921487,2.630474,4.727002,0.139629,5.793979,0.345157,6.527915,4.800541,5.208783,5.995156,8.788861,8.051765,6.338184,4.072406,4.580039,7.525019,1.312041,8.998776,3.957953,2.421109,8.906919,6.911445,6.025610,7.603716,7.756237,2.601403,3.523762,7.212368,5.149445,6.308560,4.507800,0.680812,4.776469,1.521375,3.742243,8.755831,1.294397,4.475884,0.108031,1.170497,0.865134,7.681146,6.381524,3.270980,4.515542,1.542219,2.538766,4.737377,2.200199,3.205560,2.980020,7.772553,5.779924,3.589946,0.207654,3.689118,5.960526,5.193014,3.813671,5.534449,5.546404,5.967233
7.423133,0.737868,4.070493,5.447879,5.303091,2.458875,5.693974,8.485378,0.896505,3.811641,1.091626,1.635501,1.713416,2.709666,5.108792,4.137004,1.811123,8.564469,0.130007,1.124026,3.821187,2.061772,5.273494,0.696248,8.386080,5.055776,5.295585,1.623016,2.777862,7.455111,3.848965,6.947373,6.480346,7.453646,5.863735,8.878521,1.571080,3.326869,1.978173,3.249654,5.766698,5.934086,5.063024,5.693568,0.201511,0.261571,6.053659,7.780234,7.314925,6.727389,6.902786,8.414755,0.255057,1.751227,1.079125,6.750800,6.341980,0.786963,0.995556,3.771716,7.149769,5.474908,6.382490,5.945789
8.470342,0.875295,5.792887,0.561735,0.814309,7.314686,7.059916,7.038380,3.420167,6.945040,5.281954,2.898303,5.678475,2.690985,2.844952,7.833524,5.754367,4.228512,1.449997,2.063356,2.969953,7.762061,3.839188,2.872043,1.067926,8.704174,8.460053,0.487469,6.935837,0.624895,6.257632,6.364021,8.944406,0.698628,0.336884,8.020182,2.228482,3.866466,8.534296,4.340265,1.945249,0.742468,7.783511,0.965997,0.496826,5.229691,0.776204,4.808367,3.289272,1.522205,6.835274,6.085607,4.434606,5.023206,8.878171,1.653398,2.344682,6.005995,1.311879,1.334939,2.777968,3.166971,2.222921,5.244377
0.370796,5.284132,7.839029,0.095838,5.459216,0.163237,8.631043,0.987622,8.142112,6.829949,6.957701,6.480577,8.022092,2.539364,3.754440,7.940140,2.642208,4.531805,7.186697,7.825691,3.076223,3.299266,7.401868,3.314490,5.645011,8.906042,7.386358,2.907442,2.399578,7.470691,0.907229,5.551554,8.434558,0.603263,7.286587,3.278856,2.494743,8.980885,1.430374,6.574466,4.043725,8.674784,4.993815,5.432035,8.445864,6.082095,2.921073,2.988815,7.998275,2.787135,4.995264,1.861262,1.658525,0.712948,2.744289,4.957894,4.618705,0.999028,2.216131,8.263011,0.706728,7.035273,3.345291,6.096358
6.482051,6.441805,8.365492,8.139733,8.622237,1.914367,8.647305,7.941900,6.401410,4.369149,7.522106,1.985952,1.879076,0.681487,0.500917,6.845635,5.770142,8.789773,4.865176,0.355903,0.713612,8.909097,8.016126,2.454646,2.775574,6.011095,7.701716,5.041806,3.189083,0.987573,4.397100,1.866629,8.136850,7.079785,8.577279,0.095753,8.823957,2.231416,5.788065,5.283950,0.867144,2.150628,6.398496,1.146831,3.940241,6.767630,3.492019,5.042934,7.919653,0.759337,5.114941,3.969483,4.962719,0.239894,6.366051,8.712817,3.612759,0.269720,8.363192,8.021558,4.655741,5.733290,4.828528,3.962502
1.235668,0.663497,1.865385,7.195462,7.071217,2.155733,2.064569,3.843824,8.907946,1.450103,7.196336,3.737268,0.682301,8.589105,3.135767,8.699546,2.394809,3.077415,1.145754,6.366469,4.634378,3.370653,8.455723,3.285770,3.996158,4.857309,7.583943,3.016860,0.616800,2.578848,0.341728,2.663117,1.702417,3.239331,5.774557,8.965946,8.736443,0.277890,2.904640,8.194944,3.499576,8.451614,7.398927,3.122967,7.679184,6.696508,2.818502,7.575769,6.527395,1.554051,4.754876,2.422323,1.354467,2.195803,4.605406,3.826131,6.587700,6.725604,6.879825,4.526848,6.734968,6.886740,1.334892,6.197982
6.638298,8.425599,5.465919,6.708290,5.290401,0.931210,7.173368,7.202135,7.814908,7.724487,0.914740,5.606284,4.247559,3.136576,6.466866,4.178237,0.284687,0.791398,2.344020,0.980009,2.417070,7.564845,3.965719,8.665552,3.989810,1.811066,2.337280,7.246510,3.475486,3.508462,5.687493,5.799307,1.747694,5.723646,4.635975,2.128557,7.006426,3.572509,8.387048,0.203950,2.699187,4.856337,1.159579,2.840393,4.382438,7.284319,6.139890,8.809153,2.194538,7.900703,8.217672,8.543753,1.049101,7.844442,4.674769,2.628938,4.075120,0.855734,3.277155,1.054265,8.817527,0.338379,4.477210,7.618567
4.358935,8.163419,0.522255,1.280543,6.898883,1.527962,4.022338,0.528600,8.988690,7.593665,6.486929,3.410802,1.646121,2.849824,8.194808,3.651523,4.256999,0.204544,2.594582,4.406085,4.025787,7.972529,0.563543,0.802130,2.188975,1.788682,1.600145,3.116665,0.151467,0.160367,6.178698,0.283972,3.400582,5.265945,0.201347,5.340166,8.853369,3.558769,4.671171,2.733941,4.246886,3.328381,5.817166,6.424154,1.120905,7.007605,3.295507,8.571055,8.856972,3.122782,0.496484,8.859018,4.568913,2.098103,2.407983,1.733434,0.779197,3.397568,0.286797,7.833088,8.113077,4.654857,0.686705,7.453833
4.630237,8.376828,2.404979,6.463149,5.240199,3.224522,7.128592,7.053714,4.690129,7.964132,3.453598,7.363069,5.986144,3.923835,0.161986,2.564679,6.735294,3.837191,3.357349,4.407800,1.444117,3.906995,0.814038,6.464250,8.969924,8.554154,2.691299,8.758097,2.016303,7.673052,3.803410,8.028730,2.403762,6.769778,5.613743,6.969685,7.873028,6.364452,8.836686,8.509063,5.166186,8.221201,6.791761,4.509836,2.435578,3.919757,6.174208,8.706589,7.549339,3.475580,5.134178,0.057310,3.485667,2.811942,5.520842,6.780972,6.867303,1.854566,7.559850,3.736909,7.513372,3.071392,8.725529,7.308241
6.931055,8.074408,5.363795,3.408280,2.754571,6.595709,3.789717,3.330736,2.670508,8.600761,5.837202,6.229221,6.061806,3.956450,5.765022,6.974232,2.378600,6.673501,4.267847,8.169360,4.108044,1.658973,7.298161,3.524216,8.834288,7.159086,5.951335,1.066754,2.731440,3.988574,0.412132,4.424568,2.015314,3.644865,4.195046,3.917441,2.913306,7.208419,7.707040,7.390685,0.264851,0.417560,1.382416,5.821122,0.855047,7.117647,4.863723,6.972210,4.858733,4.895163,6.924027,3.159553,3.879438,6.571481,1.839956,1.667651,0.491980,4.532869,4.161789,4.642819,2.606110,2.604211,7.359937,6.840253
8.782481,3.997896,0.894836,8.033696,8.409959,3.002016,4.596090,0.994063,3.195452,5.593532,7.272410,5.238671,0.321363,8.137973,4.256095,7.762760,1.315691,2.039526,6.398037,8.269357,7.428467,2.850094,7.490748,1.463341,0.332039,7.510028,7.599820,1.286586,6.068552,0.468670,2.682483,6.256427,5.355759,3.227411,7.082639,2.020590,0.220764,0.440132,1.832469,6.122982,0.723154,6.775362,3.553650,1.563428,2.625549,8.838564,1.141200,1.540970,8.148573,0.369548,5.055724,5.750053,6.266485,4.859817,8.226867,3.573877,8.053366,6.367786,4.738962,6.927594,5.394922,0.737621,2.099196,7.036413
4.338321,4.664707,3.467422,1.340857,0.426864,3.752958,4.899780,3.749097,5.250853,8.746376,8.967639,7.849202,6.139388,0.551651,3.641896,0.775343,3.449448,1.104046,0.028695,0.823197,2.574524,2.676852,5.053227,4.707634,5.439084,1.982225,8.869850,5.305754,7.240782,7.153621,4.864983,0.111621,7.872754,1.457172,0.968905,2.873913,2.889241,5.429904,3.566702,1.596477,8.565520,4.453204,3.755482,7.772329,3.856773,5.897908,0.247186,1.013555,4.968933,4.893902,5.566538,5.165306,6.405765,0.698873,1.982468,4.651978,3.881130,8.889046,1.831824,3.451670,2.454523,8.359989,2.578230,3.917359
8.380088,8.775231,8.722296,3.611393,8.872622,3.671763,4.037533,3.769650,3.666449,8.376500,1.135790,1.011627,8.782778,8.325540,8.661056,6.745768,1.642607,2.125410,2.977546,1.576629,3.986290,8.746162,7.299881,6.858462,2.715642,7.943423,3.481354,4.970913,8.928683,8.070347,8.112191,8.939244,4.132291,5.559031,8.592398,2.734974,8.758298,1.950965,8.261289,4.668678,2.526240,4.344044,0.037395,6.630670,8.073271,7.918859,3.124511,1.950866,6.869878,8.155818,4.278804,1.775716,3.502679,6.519585,4.738615,6.590868,3.373746,0.725733,6.294544,0.181743,0.325982,5.836046,8.856620,1.759633
3.528775,6.263561,3.424823,2.338828,7.428451,5.671825,5.246945,3.442723,5.706289,5.504510,0.435324,7.356960,5.900482,4.831075,7.916748,8.742340,3.852486,2.985968,0.003298,4.031815,2.100646,0.408241,5.247065,5.356965,7.237027,7.438826,0.565742,5.097618,7.660533,1.899381,2.047267,3.361768,1.776913,5.908411,4.398657,0.379808,7.279408,8.960145,4.951414,3.939464,7.502096,0.756008,8.924868,5.437359,5.025835,6.625130,8.776261,3.491009,3.214828,8.074871,6.185693,7.282994,2.767670,8.627862,0.972906,1.836083,2.790296,8.811363,4.754650,4.311281,4.791282,0.197119,3.395522,0.196188
7.072020,8.028054,3.637461,1.930655,8.793043,7.771700,5.478552,5.700736,5.875901,2.756906,0.476740,2.716922,1.234766,0.384800,5.444845,0.691801,7.665400,2.427341,3.298960,6.567527,8.459708,0.835767,3.211620,1.211517,6.122135,5.300721,7.849682,8.279215,4.442685,3.842460,5.422577,4.507275,0.392540,0.991287,8.164577,1.786478,8.757564,0.575221,0.786267,2.068487,6.684632,3.665567,2.268062,2.890865,1.687216,2.785403,6.638816,1.089248,0.270018,5.322881,1.616644,5.934147,1.611566,8.622203,7.815377,2.180510,7.968533,3.923634,6.042838,2.408254,8.853547,2.545916,6.850709,7.245809
4.911202,0.809253,8.542863,4.603935,6.904727,8.268314,3.227778,6.832120,6.019442,0.639749,5.910992,4.083254,8.231456,7.165612,5.039737,7.748195,6.288652,7.626004,8.647341,5.599704,7.880113,7.623569,1.869888,5.443211,5.973240,8.699496,7.846002,4.697096,1.369430,4.962381,3.272937,2.501863,4.867773,7.122615,1.158744,7.174009,5.342793,6.373842,0.637361,6.617295,3.372425,2.915830,7.289222,6.439610,2.175540,0.253456,1.071987,7.583358,0.711548,1.931967,8.016783,0.380151,2.962695,7.836861,3.581663,1.302337,1.761834,2.864239,1.902460,7.765875,4.250152,1.334616,0.168620,1.677144
7.601627,7.438473,8.617243,0.886192,2.208629,6.420128,5.740653,4.351397,3.273756,6.865560,8.730054,2.382725,4.059060,4.322681,0.732405,0.244677,2.078439,0.293197,3.622187,6.808143,5.992744,2.428172,4.257631,6.749265,8.986612,1.928824,5.452056,1.905431,4.104885,5.371759,4.975858,1.607566,6.990271,7.197859,3.049768,4.311175,1.217420,0.088331,4.239429,1.463478,4.036662,2.872595,3.247391,3.697771,0.031108,2.715359,6.417085,6.429879,7.310479,8.271220,3.803576,6.426316,2.298299,7.916515,7.184641,2.869809,7.954837,8.658656,8.640688,6.622700,6.323400,0.054312,2.675889,5.683801
4.292430,4.367770,7.743729,3.102607,7.958754,0.873511,5.613177,4.018710,0.258971,8.240553,6.116779,1.929514,1.026877,3.967331,8.839057,5.268912,5.080887,1.246245,4.416143,7.743555,8.467673,5.815035,3.989574,7.891219,7.628571,2.094733,7.928597,3.145505,1.959307,5.083104,4.353744,5.449048,6.070263,5.915801,4.370436,7.683167,0.939850,2.171893,5.393858,4.941967,2.823093,5.536368,4.269689,8.948693,8.160667,2.080343,7.774737,4.805097,1.720910,6.828525,4.949437,7.136730,4.969445,7.860798,1.476566,3.708932,3.526762,6.340656,0.087495,8.937376,5.947096,7.850320,1.956645,8.360559
4.703624,3.219674,3.476333,3.458509,0.004286,3.858317,5.954469,1.304481,5.482870,1.113106,4.316081,0.548628,6.048623,3.842294,4.532423,1.140188,6.485554,0.045465,6.431288,5.639375,2.641572,2.836869,8.530120,3.124042,0.936606,1.391064,2.168296,7.811529,8.119896,3.106207,7.712492,1.067502,1.372920,4.551862,1.240689,4.945788,7.750895,4.259598,5.977001,5.350537,1.708068,3.702105,6.961164,6.058001,2.287920,7.066032,4.615231,2.246086,8.183916,3.698843,1.571424,6.489187,7.956270,0.588873,4.800740,3.707888,6.319246,6.701654,5.621414,5.257911,6.755485,8.167474,6.850673,8.851831
8.044000,5.516110,7.657399,5.685962,5.345688,1.538858,6.709236,7.614226,3.622871,0.241261,7.148330,5.637290,4.427869,7.564690,6.463907,5.381912,5.881484,5.607706,7.715422,1.949319,0.865893,2.294935,4.641564,4.004965,3.689141,5.258921,6.458550,0.871817,5.324039,3.310075,3.235100,1.122284,2.115754,1.594305,3.552961,4.103736,4.693950,3.790755,4.953423,6.866321,8.638474,1.937421,7.429329,6.852605,7.622998,1.402535,5.909375,4.515151,2.367675,5.027615,2.905344,0.143914,5.390081,0.354862,8.039503,4.908543,7.389563,3.874814,7.010517,3.897704,3.338777,1.752269,0.285864,2.978488
6.958388,3.211638,3.506802,7.320788,6.038053,5.569579,5.876281,8.442984,7.073391,3.669003,7.481102,1.320170,4.361454,0.035774,8.099263,2.927076,1.032087,6.310831,4.860829,4.828172,5.209826,6.800609,7.261834,6.758369,8.415520,5.860903,2.699297,1.475342,0.906318,4.121879,4.008462,3.245868,6.718852,6.385968,0.467080,6.801834,1.358724,7.144617,2.365936,6.299609,4.834625,5.118427,7.816043,1.334822,7.110821,6.553232,1.785233,3.177558,6.366105,7.202220,7.955022,6.168205,2.544255,4.357571,3.166827,2.341828,4.750367,6.629714,6.850742,8.984103,0.934086,2.345976,7.510978,3.878241
5.525075,8.680873,6.086162,1.988238,8.984355,4.354783,6.034612,5.953338,5.273517,5.030417,8.455256,3.773580,4.119827,4.149306,5.387777,2.885419,7.881429,8.816217,0.462492,2.372079,0.479033,4.685648,4.158288,1.404637,3.213043,0.672419,1.960207,2.523702,7.458241,8.151651,4.270325,7.699909,3.372380,4.424267,3.531788,8.201182,8.217572,5.290905,7.760309,5.850902,7.002768,4.439448,3.220020,7.581460,5.314532,8.227606,8.615759,2.289683,4.341341,5.092918,8.328524,2.189222,1.312611,0.432466,8.986956,0.628637,2.316196,1.268367,4.823368,7.064294,2.166485,1.276087,6.927987,5.522146
1.520520,8.067894,8.006081,6.666977,5.952982,1.505705,4.443714,7.685341,5.713251,6.129059,5.910162,0.111873,4.447082,8.407493,1.863264,3.140480,8.252845,7.398493,7.151268,3.243053,5.598635,4.269213,4.579455,8.365703,3.693367,8.512138,4.521244,6.192065,5.920486,1.880331,1.848711,7.475970,6.898229,3.342795,3.525506,2.682315,5.455928,1.158156,1.876676,0.588707,4.532968,3.080069,6.751067,5.061599,6.364770,8.449063,7.193804,6.327936,1.761553,1.110565,5.346471,7.307069,5.779419,7.963086,3.237672,0.004679,2.976715,5.605969,2.060862,4.889146,3.713806,2.919034,5.443602,4.650244
4.561191,0.570157,2.020631,4.789123,1.913287,5.364830,4.129241,1.890124,5.601952,2.437657,0.216846,4.913247,4.628899,1.873324,7.335230,6.099662,3.177262,3.925549,8.186832,7.208619,3.131859,7.228548,3.539760,8.570177,5.648504,1.281500,7.125911,0.152339,6.088249,5.600574,4.295291,4.855885,0.058912,8.464932,8.754804,2.539037,2.974822,8.728326,5.805955,4.480622,0.611149,4.941795,5.059929,5.453560,3.923439,8.577533,3.755300,6.400861,6.482422,3.278549,0.103336,0.958806,2.569402,7.527571,0.579772,6.804801,5.376303,8.444626,0.968872,3.078369,1.024949,1.251647,5.178044,5.632211
3.847354,3.769986,2.850230,3.269652,3.712135,7.460722,7.170665,4.594517,5.288574,6.245347,0.552299,3.295307,6.210297,0.028201,8.691887,2.894898,4.080751,6.650161,5.008367,8.981245,1.863650,6.391156,0.988782,8.489322,5.649596,3.747338,6.702650,0.878158,3.699852,5.112538,6.468995,7.303362,7.673100,5.878140,0.065402,0.204089,2.494262,0.442140,3.342151,0.247360,1.699385,5.779976,1.005849,4.631307,3.991119,4.467378,5.147148,0.556647,1.496435,7.047766,1.029461,1.829709,4.468800,5.946869,8.485251,3.490732,8.624049,0.542464,3.185185,5.456210,0.442258,7.537195,2.413828,0.968812
7.274480,1.419790,7.177742,2.816984,7.658970,5.562354,5.699044,1.788268,2.772872,5.709993,4.544832,7.218908,0.188240,5.505866,1.589029,6.882610,0.586974,2.568826,8.503689,1.864786,2.117909,5.083505,0.629355,6.609595,5.899719,6.087668,8.833250,6.946484,8.058054,8.556363,1.825444,6.830092,8.036789,1.413993,4.018691,3.116985,0.347911,3.096890,3.588001,5.552183,1.655029,4.148505,6.813099,0.623695,8.540970,5.643958,4.661350,8.094944,7.575997,4.262623,2.281840,7.818937,6.603448,0.992110,6.459677,5.187805,7.198625,0.963495,0.181973,4.202487,4.017964,8.141416,1.487954,4.083885
7.540015,3.333570,8.850179,5.708524,4.022779,5.555665,6.200788,8.062749,4.991983,0.656874,6.246184,4.454995,8.718213,4.509518,5.398615,5.191173,1.987806,3.046059,8.393088,7.140631,4.206934,2.554978,0.857989,2.791910,2.919399,0.032669,4.533366,4.414572,6.695695,5.547667,6.583018,7.465509,3.700551,1.073064,2.225643,4.156267,6.117179,1.342347,8.191146,3.302446,8.843733,3.821472,7.863571,7.186683,1.158335,0.451586,1.960045,7.800666,1.795355,6.939034,6.606888,0.651726,8.798286,2.843486,5.292714,2.971012,7.656346,7.076139,8.150919,1.440205,6.112539,8.111635,0.307902,2.262990
4.362702,2.794423,3.347669,7.765670,7.152097,6.163852,8.621673,6.184991,2.719125,6.715515,7.468224,3.665764,8.180632,7.258794,5.967015,7.871382,0.103024,6.805894,2.856384,1.463792,4.319167,4.713223,2.611797,7.237723,4.107896,1.147341,1.407480,0.594632,4.222583,6.017120,8.650982,0.089298,6.959694,7.597588,5.868974,6.637451,6.891915,4.942386,4.615834,5.711395,3.960698,0.337936,6.439257,6.483988,6.988696,4.587710,2.048096,1.529098,1.688903,7.240453,4.472608,5.537933,5.295533,8.075647,2.215762,5.120460,6.537955,1.097326,3.443460,4.742890,4.196358,8.947464,2.408066,4.842806
5.644370,6.803534,8.599212,7.521690,3.807861,2.295750,3.245917,2.066555,2.606383,1.460127,2.033467,5.648723,6.240981,6.971661,8.400142,2.283571,0.246660,6.978511,8.880630,2.496184,0.927756,5.827961,8.451287,5.938837,4.234989,7.460554,2.163061,7.903479,3.117133,7.839244,1.068716,1.467941,6.198516,7.491437,7.528332,1.929907,1.370865,2.211745,2.044547,1.937280,1.667459,0.259003,8.249204,2.941420,7.598809,6.338411,0.820523,1.342193,2.166202,8.437203,7.982678,8.253311,5.799145,0.267218,0.993018,0.614284,4.208553,7.108479,8.309487,8.967322,8.591180,2.395234,6.410313,8.439294
5.841162,2.688644,4.356654,4.379115,7.991119,8.658660,3.717628,0.478628,3.520950,0.967953,3.412993,3.961162,1.709781,8.384422,7.424716,8.255352,0.662335,5.099355,2.031198,5.163184,4.478976,3.384390,3.117390,8.280983,1.940450,0.267507,1.531084,0.600862,2.003575,3.688478,7.873967,0.487151,3.130073,3.254684,8.473272,2.123352,3.599996,3.641461,5.648150,5.635135,8.361338,2.200044,2.632265,5.212716,3.075967,6.624923,3.794738,0.222197,6.896531,2.324858,7.214959,3.923764,6.319820,8.970405,2.416806,6.847350,8.148772,2.336248,4.066875,6.065416,0.411725,3.342694,6.927336,5.989375
7.188797,6.955630,1.579551,6.473942,8.244353,2.787424,5.493242,0.051010,2.097462,6.820860,8.867011,5.197997,6.963896,4.706911,1.635425,1.899974,1.029914,1.629082,5.007486,4.532474,4.902912,5.742477,5.206836,2.053511,8.539857,4.270154,5.215727,0.108272,8.419214,7.367311,3.721178,8.084711,1.181414,6.325078,5.673543,7.550932,8.248572,0.557450,5.621788,6.000385,6.508650,7.035913,7.628275,1.399063,6.467999,6.886470,6.138779,0.539388,7.473687,3.475330,5.508587,0.997695,1.541187,0.302353,2.250675,7.321791,3.386538,2.179315,8.817550,5.323262,0.683487,4.529442,4.513211,8.877598
1.440384,3.188033,7.165830,1.373788,1.939071,5.880120,7.653857,8.460165,2.231171,6.218169,2.468821,5.341088,4.355251,4.749740,5.215299,7.610347,1.423269,0.323749,0.559314,4.152183,3.840291,7.472771,6.041867,7.963524,4.104833,1.626651,7.052771,6.365329,2.009128,2.337963,6.765076,6.407800,4.587675,4.764649,5.239026,8.615482,2.338431,0.159839,1.923958,8.620907,5.375869,6.128222,3.627796,3.450895,4.885779,0.877024,5.177606,8.925525,8.564206,2.963077,2.515201,6.025103,7.924232,5.699243,3.694890,3.162328,4.170254,1.313866,0.314150,8.274986,2.831382,1.462182,3.215877,6.586611
3.260071,0.626336,2.166877,6.670925,8.164611,5.409095,2.441906,6.857351,0.699518,6.131455,8.671732,1.776245,4.545228,1.672120,5.757728,8.953517,4.309972,6.481673,1.075433,2.617523,3.833704,1.475954,2.549825,5.856331,7.850174,2.264423,1.034719,4.961379,6.469898,6.875098,8.213617,1.355426,0.814869,2.372253,5.903195,3.657448,6.022689,0.575682,8.656719,4.965226,0.180422,8.062214,1.929698,7.333635,6.747557,8.098004,4.912080,8.969098,8.353980,5.953974,5.177430,2.322029,1.724630,5.382073,8.579494,7.783340,5.660276,2.681898,7.922979,4.068243,6.130073,0.280549,2.705640,5.008492
4.558143,1.455921,6.621887,4.006915,0.774618,2.858867,7.605625,7.338385,8.915692,3.636468,2.303106,4.456582,7.833362,3.616326,8.973198,7.783372,2.118322,4.547069,5.932953,3.516430,8.315459,4.642865,4.258377,8.360847,8.625809,0.803471,0.914023,3.461420,4.000087,3.763815,7.938343,4.674493,8.565325,5.279390,3.730100,0.921848,0.697379,7.521297,7.244051,5.201996,0.846329,4.935544,6.553976,4.516129,6.365954,7.876834,3.490246,1.493504,5.565223,8.669554,6.639375,0.522221,0.408520,4.866930,6.227666,0.088211,6.381133,7.088928,0.356688,0.391762,7.715798,0.616800,7.420692,0.998513
3.417307,5.413896,1.111776,6.751821,7.554094,3.609360,2.708036,3.905317,0.506773,0.961641,8.080448,7.307747,1.186019,2.224215,1.440263,8.708169,5.041061,0.420438,4.000940,4.373783,1.121279,4.279005,5.650217,1.412356,8.327977,7.680348,3.617529,6.617094,1.342645,4.064512,5.335653,7.326297,4.524544,2.303390,7.068675,6.972417,1.643379,7.168110,5.125542,0.143465,6.821468,8.388475,6.839694,1.301737,4.041722,6.771788,3.729909,3.950672,3.206675,8.293662,5.749682,4.310899,5.062245,7.955506,7.218361,2.736511,8.035564,8.765148,1.450153,1.802117,3.396407,6.454723,4.484882,0.848496
3.551156,2.912274,1.716943,1.868550,6.931305,8.761942,8.575919,3.327167,0.911789,8.207422,3.409750,2.696484,1.073825,3.154421,8.738978,7.543650,6.814153,7.895933,8.158300,6.613967,0.106331,1.186100,2.153996,0.702879,7.973369,4.339980,2.192423,8.234719,5.361210,7.204461,0.704343,5.394525,7.814847,1.279898,7.834049,2.018103,0.002935,3.917969,5.175174,3.721195,2.745587,1.880680,8.890693,4.603633,8.160198,5.490701,6.375670,8.035042,0.207277,2.355271,5.815683,7.867389,2.609486,7.931697,1.264720,4.280308,7.672704,7.924605,6.281370,8.504754,2.457954,5.376279,1.005693,1.157150
3.649271,0.259642,5.945465,7.975619,5.928628,3.454554,4.173726,2.935457,6.248950,5.977487,8.690392,7.108019,3.657723,6.099822,3.607163,5.407988,2.393959,3.053533,7.320010,1.485918,6.474410,5.059334,3.277298,6.810081,3.239786,5.030538,4.317574,6.875787,5.259432,4.367343,7.783265,5.145145,0.803657,6.384479,5.884637,4.511458,7.882341,6.002248,6.960807,7.193585,0.274705,2.478460,2.268172,7.701048,7.058686,5.859364,0.418084,4.511723,2.992653,1.829331,5.703331,3.500931,2.034181,4.170864,5.209963,4.714693,7.331208,0.802127,0.888302,1.001325,7.448313,4.077261,8.686323,7.567395
6.846331,5.231043,6.755816,4.719387,1.336007,6.607708,3.565360,5.133841,5.827735,6.023376,1.212583,7.606974,0.597678,0.855940,0.352564,5.345434,1.947229,8.647941,4.658085,6.213592,4.958169,1.528348,2.624756,6.964447,2.634178,1.818791,1.229665,0.908574,7.934877,2.818292,8.396252,1.081449,6.727731,8.875331,6.060161,0.772476,1.140617,6.463138,2.024324,3.944084,1.302509,0.384966,4.702239,3.020520,5.959199,1.401315,0.359496,7.463113,6.450300,7.385339,3.568334,7.140910,5.592573,7.316944,5.261294,0.915434,8.864144,0.451524,8.404771,3.612445,8.413954,2.359381,5.831599,7.509283
5.388390,6.963921,2.249888,6.340290,4.155675,5.698934,8.766919,0.169590,2.450006,7.975342,7.400575,7.117794,8.928069,4.699283,2.167590,2.325078,1.002053,0.408482,8.579271,6.273388,1.929951,5.617004,0.162310,6.703855,5.351318,5.699176,7.057329,8.855606,4.213683,6.245993,4.861799,0.182006,8.959751,4.502247,4.088424,8.795184,0.780095,0.292109,7.468089,0.476179,7.471467,6.353230,5.488153,8.361941,5.500701,5.610976,1.151008,8.788170,2.441066,4.555902,2.652815,3.407909,0.305973,6.647601,3.031962,6.796150,8.776267,7.663741,1.129722,1.857325,8.763572,6.145863,8.307183,6.940959
0.078641,2.765292,2.139226,5.269084,5.878754,7.384438,0.624466,7.589503,0.327865,0.678076,1.931011,3.917203,5.314699,2.402115,1.556462,5.913327,6.322826,7.380443,8.738217,1.199434,3.525108,7.539024,1.581805,1.424331,4.087933,3.911422,8.384944,7.161108,8.494448,3.444134,7.366588,1.563811,8.325234,6.891680,5.608500,1.353352,3.629261,3.320359,5.069887,3.494235,0.585782,2.674689,1.223136,0.480861,6.761035,5.236366,2.077409,6.371493,4.183134,4.544397,8.842916,3.652251,2.036725,7.783653,8.795192,4.385194,5.153187,6.928783,3.146922,7.612688,2.520238,0.655572,7.462457,3.262062
4.267190,5.033493,2.774450,8.719682,3.755607,1.837830,2.436712,3.524667,4.525134,1.224884,8.172018,4.890434,5.020267,8.254682,3.188566,1.820299,8.865679,7.153452,3.108058,8.775118,4.765822,3.732077,1.868547,3.156659,1.443940,3.440112,2.235653,0.126294,3.483741,8.083334,7.327598,7.930254,2.862024,3.972065,7.872925,4.759428,3.429730,7.662137,6.469742,4.957953,5.541788,1.441438,3.032557,5.391468,0.120754,8.430761,2.458686,7.377543,7.095555,8.180152,2.568745,0.134307,3.329081,8.145613,3.986527,2.313186,8.066318,2.825166,8.440642,0.182140,5.907055,6.911601,1.074667,4.432685
8.199867,4.973516,8.100113,7.604682,4.850895,0.474505,1.720303,6.364533,0.979932,5.832837,6.117273,4.530651,6.054461,5.332321,2.367457,1.221265,3.851775,0.005701,7.810449,4.928411,4.816903,0.273957,7.624748,4.986187,6.470848,5.471245,4.965439,5.396605,7.091967,5.796822,4.390410,1.291102,7.552518,6.128207,0.872879,2.616976,0.061866,3.958887,2.782729,0.138401,6.956691,5.962404,1.710435,5.320956,4.088366,0.694815,0.484507,1.913378,7.502949,6.800154,5.179682,5.431362,1.772547,3.537759,1.645300,6.255371,5.283252,1.965398,0.380313,4.743698,0.860025,3.832341,2.767973,1.502346
1.992166,0.488258,5.565970,5.205687,1.111307,8.149464,8.057338,6.549330,7.049741,3.582050,1.945244,2.337398,3.291916,7.213057,4.395087,5.673902,2.239537,5.004396,8.227224,5.088848,5.214419,6.029623,2.405600,4.663124,7.168720,4.485364,6.048553,6.417268,1.396799,1.939676,7.284126,0.411431,6.487867,3.862912,5.212678,0.070748,6.204739,6.738363,2.814117,4.030375,7.393371,8.887161,1.020547,5.646650,1.192767,3.552464,0.342845,0.491714,7.672390,4.284192,3.881013,8.820012,5.841403,7.328444,6.862974,8.746439,7.441227,0.974304,4.009263,3.636147,6.683695,8.663709,4.056718,7.550005
2.809462,2.786847,1.185112,0.881886,3.055619,8.906190,1.380048,3.983024,7.436146,1.543459,7.399130,6.924248,2.292468,3.443336,5.848607,6.363985,5.324493,7.579493,7.464452,4.418520,8.605187,4.804052,1.070731,0.951390,2.800313,6.399305,2.697360,4.118046,6.700156,8.693724,1.151957,2.320377,6.963155,7.583546,1.099897,5.077903,3.998689,5.726522,5.045243,4.001646,6.922031,0.268631,4.145646,5.817285,6.108567,7.307026,3.685338,7.183678,0.147945,7.148412,2.680017,8.648389,7.656848,1.853800,1.455477,6.424901,7.247387,5.223786,3.823872,1.455509,2.835424,6.194793,3.643560,1.412077
